"","years","month","day","year","doy","row","pred","dates","cloud","jrc"
"1",1984,5,1,1984,122,283,7339,1984-05-01,40.2871958516155,7475
"2",1984,5,10,1984,131,1,7232,1984-05-10,1.19000132961042,7475
"3",1984,5,26,1984,147,2,7652,1984-05-26,1.19000132961042,7475
"4",1984,6,2,1984,154,284,7849,1984-06-02,1.19000132961042,7687
"5",1984,6,11,1984,163,3,7997,1984-06-11,1.19000132961042,7687
"6",1984,6,18,1984,170,285,7983,1984-06-18,1.19000132961042,7687
"7",1984,6,27,1984,179,4,8005,1984-06-27,1.19000132961042,7687
"8",1984,7,4,1984,186,286,8173,1984-07-04,1.19000132961042,7697
"9",1984,7,13,1984,195,5,7899,1984-07-13,84.1310995878208,7697
"10",1984,7,20,1984,202,287,8055,1984-07-20,1.19000132961042,7697
"11",1984,7,29,1984,211,6,8055,1984-07-29,1.19000132961042,7697
"12",1984,8,14,1984,227,7,8113,1984-08-14,1.19000132961042,7667
"13",1984,9,22,1984,266,288,7797,1984-09-22,1.19000132961042,7562
"14",1984,10,17,1984,291,8,8365,1984-10-17,20.2499667597394,6895
"15",1985,5,4,1985,124,289,7668,1985-05-04,1.50245977928467,7602
"16",1985,5,20,1985,140,290,7559,1985-05-20,61.3814652306874,7602
"17",1985,5,29,1985,149,9,7881,1985-05-29,1.19000132961042,7602
"18",1985,6,5,1985,156,291,7086,1985-06-05,21.7457784869033,7669
"19",1985,6,14,1985,165,10,7940,1985-06-14,1.19000132961042,7669
"20",1985,6,21,1985,172,292,8066,1985-06-21,1.19000132961042,7669
"21",1985,6,30,1985,181,11,8030,1985-06-30,1.19000132961042,7669
"22",1985,7,16,1985,197,12,7811,1985-07-16,14.2268315383593,7646
"23",1985,7,23,1985,204,293,7943,1985-07-23,6.28240925408855,7646
"24",1985,8,1,1985,213,13,7936,1985-08-01,76.7118734210876,7604
"25",1985,8,8,1985,220,294,7780,1985-08-08,1.19000132961042,7604
"26",1985,8,17,1985,229,14,7672,1985-08-17,1.19000132961042,7604
"27",1985,8,24,1985,236,295,7597,1985-08-24,1.19000132961042,7604
"28",1985,9,25,1985,268,296,7565,1985-09-25,1.19000132961042,7285
"29",1985,10,4,1985,277,15,7594,1985-10-04,1.19000132961042,7495
"30",1985,10,11,1985,284,297,7816,1985-10-11,1.19000132961042,7495
"31",1985,10,20,1985,293,16,7958,1985-10-20,1.19000132961042,7495
"32",1985,10,27,1985,300,298,7927,1985-10-27,1.19000132961042,7495
"33",1986,4,30,1986,120,17,7448,1986-04-30,1.19000132961042,7288
"34",1986,5,7,1986,127,299,7733,1986-05-07,8.010902805478,7556
"35",1986,5,16,1986,136,18,7707,1986-05-16,60.3975535168196,7556
"36",1986,5,23,1986,143,300,7590,1986-05-23,1.19000132961042,7556
"37",1986,6,1,1986,152,19,7694,1986-06-01,1.19000132961042,7584
"38",1986,6,8,1986,159,301,7799,1986-06-08,1.19000132961042,7584
"39",1986,6,17,1986,168,20,5374,1986-06-17,97.8526791650047,7584
"40",1986,6,24,1986,175,302,4160,1986-06-24,100,7584
"41",1986,7,3,1986,184,21,4590,1986-07-03,75.674777290254,7583
"42",1986,7,10,1986,191,303,5825,1986-07-10,67.0522536896689,7583
"43",1986,7,19,1986,200,22,5682,1986-07-19,46.5829012099455,7583
"44",1986,7,26,1986,207,304,7807,1986-07-26,1.19000132961042,7583
"45",1986,8,4,1986,216,23,7797,1986-08-04,1.19000132961042,7636
"46",1986,8,11,1986,223,305,7874,1986-08-11,1.19000132961042,7636
"47",1986,8,20,1986,232,24,7796,1986-08-20,1.19000132961042,7636
"48",1986,8,27,1986,239,306,7732,1986-08-27,1.19000132961042,7636
"49",1986,9,12,1986,255,307,7389,1986-09-12,100,7420
"50",1986,9,21,1986,264,25,7835,1986-09-21,1.19000132961042,7420
"51",1986,10,7,1986,280,26,7919,1986-10-07,1.19000132961042,7539
"52",1986,10,14,1986,287,308,7835,1986-10-14,1.19000132961042,7539
"53",1986,10,23,1986,296,27,8099,1986-10-23,1.19000132961042,7539
"54",1987,5,3,1987,123,28,7755,1987-05-03,1.19000132961042,7589
"55",1987,5,10,1987,130,309,7755,1987-05-10,1.19000132961042,7589
"56",1987,5,19,1987,139,29,7688,1987-05-19,98.7435181491823,7589
"57",1987,5,26,1987,146,310,7543,1987-05-26,84.3903736205292,7589
"58",1987,6,4,1987,155,30,7748,1987-06-04,1.19000132961042,7582
"59",1987,6,11,1987,162,311,7882,1987-06-11,1.19000132961042,7582
"60",1987,6,20,1987,171,31,6147,1987-06-20,10.9692859992022,7582
"61",1987,6,27,1987,178,312,4205,1987-06-27,99.8670389575854,7582
"62",1987,7,6,1987,187,32,7858,1987-07-06,1.19000132961042,7580
"63",1987,7,13,1987,194,313,6097,1987-07-13,22.5767850019944,7580
"64",1987,7,29,1987,210,314,7504,1987-07-29,53.0514559234144,7580
"65",1987,8,7,1987,219,33,7557,1987-08-07,100,7500
"66",1987,8,14,1987,226,315,7712,1987-08-14,1.19000132961042,7500
"67",1987,8,23,1987,235,34,7727,1987-08-23,100,7500
"68",1987,8,30,1987,242,316,7581,1987-08-30,1.19000132961042,7500
"69",1987,9,8,1987,251,35,6627,1987-09-08,51.8016221247175,7460
"70",1987,9,15,1987,258,317,7577,1987-09-15,1.19000132961042,7460
"71",1987,9,24,1987,267,36,7458,1987-09-24,75.8276824890307,7460
"72",1987,10,1,1987,274,318,7583,1987-10-01,1.19000132961042,7461
"73",1987,10,10,1987,283,37,7592,1987-10-10,94.6682621991756,7461
"74",1987,10,17,1987,290,319,7752,1987-10-17,1.19000132961042,7461
"75",1987,10,26,1987,299,38,7922,1987-10-26,1.19000132961042,7461
"76",1988,5,5,1988,126,39,7473,1988-05-05,6.687940433453,7461
"77",1988,5,12,1988,133,320,7502,1988-05-12,1.19000132961042,7461
"78",1988,5,21,1988,142,40,7618,1988-05-21,1.19000132961042,7461
"79",1988,5,28,1988,149,321,7706,1988-05-28,1.19000132961042,7461
"80",1988,6,6,1988,158,41,7699,1988-06-06,1.19000132961042,7568
"81",1988,6,13,1988,165,322,7764,1988-06-13,1.19000132961042,7568
"82",1988,6,22,1988,174,42,7790,1988-06-22,1.19000132961042,7568
"83",1988,6,29,1988,181,323,7818,1988-06-29,1.19000132961042,7568
"84",1988,7,8,1988,190,43,7686,1988-07-08,1.19000132961042,7550
"85",1988,7,15,1988,197,324,7612,1988-07-15,1.19000132961042,7550
"86",1988,7,24,1988,206,44,7671,1988-07-24,1.19000132961042,7550
"87",1988,7,31,1988,213,325,7620,1988-07-31,1.19000132961042,7550
"88",1988,8,9,1988,222,45,7533,1988-08-09,1.19000132961042,7348
"89",1988,8,25,1988,238,46,6593,1988-08-25,78.8791384124451,7348
"90",1988,9,1,1988,245,326,7647,1988-09-01,1.19000132961042,7436
"91",1988,9,10,1988,254,47,7492,1988-09-10,100,7436
"92",1988,9,17,1988,261,327,7543,1988-09-17,1.19000132961042,7436
"93",1988,9,26,1988,270,48,6782,1988-09-26,83.2003722909188,7436
"94",1988,10,3,1988,277,328,6915,1988-10-03,99.780614280016,7303
"95",1988,10,12,1988,286,49,7277,1988-10-12,99.9601116872756,7303
"96",1988,10,19,1988,293,329,7544,1988-10-19,1.19000132961042,7303
"97",1989,5,8,1989,128,50,7354,1989-05-08,1.19000132961042,7263
"98",1989,5,15,1989,135,330,7285,1989-05-15,1.19000132961042,7263
"99",1989,5,24,1989,144,51,7365,1989-05-24,1.19000132961042,7263
"100",1989,5,31,1989,151,331,7413,1989-05-31,1.19000132961042,7263
"101",1989,6,9,1989,160,52,7435,1989-06-09,1.19000132961042,7210
"102",1989,6,16,1989,167,332,7309,1989-06-16,17.5973939635687,7210
"103",1989,6,25,1989,176,53,7339,1989-06-25,1.19000132961042,7210
"104",1989,7,2,1989,183,333,7216,1989-07-02,1.72849355138944,7007
"105",1989,7,18,1989,199,334,7130,1989-07-18,1.19000132961042,7007
"106",1989,8,3,1989,215,335,7021,1989-08-03,8.58263528786066,6994
"107",1989,8,12,1989,224,54,7024,1989-08-12,1.19000132961042,6994
"108",1989,8,19,1989,231,336,6970,1989-08-19,1.19000132961042,6994
"109",1989,8,28,1989,240,55,6891,1989-08-28,1.19000132961042,6994
"110",1989,9,4,1989,247,337,6982,1989-09-04,17.5442095466028,7112
"111",1989,9,13,1989,256,56,7020,1989-09-13,1.19000132961042,7112
"112",1989,9,20,1989,263,338,6941,1989-09-20,1.19000132961042,7112
"113",1989,9,29,1989,272,57,6969,1989-09-29,1.19000132961042,7112
"114",1989,10,6,1989,279,339,6939,1989-10-06,1.19000132961042,6844
"115",1989,10,15,1989,288,58,7062,1989-10-15,1.19000132961042,6844
"116",1989,10,22,1989,295,340,7040,1989-10-22,1.19000132961042,6844
"117",1990,5,2,1990,122,341,6291,1990-05-02,21.459912245712,6205
"118",1990,5,11,1990,131,59,5914,1990-05-11,86.8501529051988,6205
"119",1990,5,18,1990,138,342,6342,1990-05-18,1.19000132961042,6205
"120",1990,5,27,1990,147,60,6348,1990-05-27,1.19000132961042,6205
"121",1990,6,3,1990,154,343,6376,1990-06-03,1.19000132961042,6485
"122",1990,6,12,1990,163,61,6822,1990-06-12,21.4266719851084,6485
"123",1990,6,19,1990,170,344,6599,1990-06-19,3.44369099853743,6485
"124",1990,8,15,1990,227,62,5778,1990-08-15,71.8720914771972,6076
"125",1990,8,22,1990,234,345,6039,1990-08-22,1.19000132961042,6076
"126",1990,8,31,1990,243,63,6590,1990-08-31,1.19000132961042,6076
"127",1990,9,7,1990,250,346,5960,1990-09-07,1.19000132961042,5883
"128",1990,10,2,1990,275,64,5789,1990-10-02,40.8057439170323,6102
"129",1990,10,9,1990,282,347,6117,1990-10-09,1.19000132961042,6102
"130",1990,10,18,1990,291,65,5266,1990-10-18,1.19000132961042,6102
"131",1990,10,25,1990,298,348,6275,1990-10-25,1.19000132961042,6102
"132",1991,5,5,1991,125,349,5808,1991-05-05,1.19000132961042,6163
"133",1991,5,14,1991,134,66,6011,1991-05-14,50.1861454593804,6163
"134",1991,5,21,1991,141,350,6039,1991-05-21,1.19000132961042,6163
"135",1991,5,30,1991,150,67,5942,1991-05-30,12.9371094269379,6163
"136",1991,6,6,1991,157,351,6186,1991-06-06,1.19000132961042,6235
"137",1991,6,15,1991,166,68,6220,1991-06-15,1.19000132961042,6235
"138",1991,6,22,1991,173,352,6288,1991-06-22,1.19000132961042,6235
"139",1991,7,1,1991,182,69,6310,1991-07-01,1.19000132961042,6173
"140",1991,7,8,1991,189,353,6259,1991-07-08,1.19000132961042,6173
"141",1991,7,17,1991,198,70,5059,1991-07-17,1.19000132961042,6173
"142",1991,7,24,1991,205,354,6008,1991-07-24,1.19000132961042,6173
"143",1991,8,2,1991,214,71,5791,1991-08-02,80.3882462438505,5833
"144",1991,8,9,1991,221,355,5805,1991-08-09,1.19000132961042,5833
"145",1991,8,18,1991,230,72,5762,1991-08-18,100,5833
"146",1991,8,25,1991,237,356,5802,1991-08-25,1.19000132961042,5833
"147",1991,9,3,1991,246,73,5802,1991-09-03,1.19000132961042,5980
"148",1991,9,10,1991,253,357,5850,1991-09-10,55.5976598856535,5980
"149",1991,9,19,1991,262,74,5717,1991-09-19,1.19000132961042,5980
"150",1991,9,26,1991,269,358,5712,1991-09-26,1.19000132961042,5980
"151",1991,10,5,1991,278,75,5820,1991-10-05,1.19000132961042,5674
"152",1991,10,12,1991,285,359,6077,1991-10-12,99.1889376412711,5674
"153",1991,10,21,1991,294,76,6001,1991-10-21,1.19000132961042,5674
"154",1992,4,30,1992,121,77,5756,1992-04-30,94.6483180428135,5701
"155",1992,5,7,1992,128,360,5864,1992-05-07,100,5768
"156",1992,5,16,1992,137,78,5820,1992-05-16,1.19000132961042,5768
"157",1992,5,23,1992,144,361,5910,1992-05-23,1.19000132961042,5768
"158",1992,6,1,1992,153,79,6045,1992-06-01,1.19000132961042,5997
"159",1992,6,8,1992,160,362,6056,1992-06-08,100,5997
"160",1992,6,17,1992,169,80,6035,1992-06-17,1.19000132961042,5997
"161",1992,6,24,1992,176,363,6124,1992-06-24,14.698843238931,5997
"162",1992,7,3,1992,185,81,5910,1992-07-03,54.6137481717857,5758
"163",1992,7,10,1992,192,364,5676,1992-07-10,1.19000132961042,5758
"164",1992,7,19,1992,201,82,5811,1992-07-19,1.19000132961042,5758
"165",1992,7,26,1992,208,365,5633,1992-07-26,1.19000132961042,5758
"166",1992,8,4,1992,217,83,5938,1992-08-04,9.38040154234809,5745
"167",1992,8,20,1992,233,84,5650,1992-08-20,1.19000132961042,5745
"168",1992,8,27,1992,240,366,5558,1992-08-27,1.19000132961042,5745
"169",1992,9,5,1992,249,85,5632,1992-09-05,1.19000132961042,5620
"170",1992,9,12,1992,256,367,5561,1992-09-12,1.19000132961042,5620
"171",1992,9,21,1992,265,86,5578,1992-09-21,1.19000132961042,5620
"172",1992,9,28,1992,272,368,5607,1992-09-28,1.19000132961042,5620
"173",1992,10,7,1992,281,87,5639,1992-10-07,1.19000132961042,5625
"174",1992,10,14,1992,288,369,5717,1992-10-14,1.19000132961042,5625
"175",1992,10,23,1992,297,88,5521,1992-10-23,1.19000132961042,5625
"176",1993,5,3,1993,123,89,5147,1993-05-03,39.9282010370961,6169
"177",1993,5,10,1993,130,370,6010,1993-05-10,1.19000132961042,6169
"178",1993,5,19,1993,139,90,6101,1993-05-19,1.19000132961042,6169
"179",1993,5,26,1993,146,371,6160,1993-05-26,96.961840180827,6169
"180",1993,6,4,1993,155,91,6495,1993-06-04,86.1521074325223,6846
"181",1993,6,11,1993,162,372,6758,1993-06-11,1.19000132961042,6846
"182",1993,6,20,1993,171,92,6857,1993-06-20,1.19000132961042,6846
"183",1993,6,27,1993,178,373,7009,1993-06-27,1.19000132961042,6846
"184",1993,7,6,1993,187,93,7036,1993-07-06,1.19000132961042,6899
"185",1993,7,13,1993,194,374,7016,1993-07-13,1.19000132961042,6899
"186",1993,7,22,1993,203,94,6576,1993-07-22,1.19000132961042,6899
"187",1993,7,29,1993,210,375,6323,1993-07-29,71.1673979524,6899
"188",1993,8,7,1993,219,95,6787,1993-08-07,1.19000132961042,6991
"189",1993,8,14,1993,226,376,6782,1993-08-14,100,6991
"190",1993,8,23,1993,235,96,6744,1993-08-23,1.19000132961042,6991
"191",1993,8,30,1993,242,377,6210,1993-08-30,100,6991
"192",1993,9,8,1993,251,97,6714,1993-09-08,1.19000132961042,6622
"193",1993,10,1,1993,274,378,6666,1993-10-01,1.19000132961042,6807
"194",1993,10,10,1993,283,98,5462,1993-10-10,57.4325222709746,6807
"195",1993,10,17,1993,290,379,5968,1993-10-17,45.6322297566813,6807
"196",1993,10,26,1993,299,99,7047,1993-10-26,1.19000132961042,6807
"197",1994,5,6,1994,126,100,6543,1994-05-06,1.19000132961042,6733
"198",1994,5,13,1994,133,380,6497,1994-05-13,100,6733
"199",1994,5,22,1994,142,101,6569,1994-05-22,99.461507778221,6733
"200",1994,5,29,1994,149,381,6907,1994-05-29,1.19000132961042,6733
"201",1994,6,7,1994,158,102,6956,1994-06-07,1.19000132961042,6745
"202",1994,6,14,1994,165,382,6711,1994-06-14,1.19000132961042,6745
"203",1994,6,23,1994,174,103,6844,1994-06-23,1.19000132961042,6745
"204",1994,6,30,1994,181,383,6822,1994-06-30,1.19000132961042,6745
"205",1994,7,9,1994,190,104,6819,1994-07-09,1.19000132961042,6641
"206",1994,7,16,1994,197,384,6613,1994-07-16,1.19000132961042,6641
"207",1994,7,25,1994,206,105,6689,1994-07-25,1.19000132961042,6641
"208",1994,8,1,1994,213,385,6706,1994-08-01,1.19000132961042,6568
"209",1994,8,10,1994,222,106,6494,1994-08-10,15.1708549395027,6568
"210",1994,8,17,1994,229,386,6629,1994-08-17,1.19000132961042,6568
"211",1994,8,26,1994,238,107,6577,1994-08-26,1.19000132961042,6568
"212",1994,9,2,1994,245,387,6560,1994-09-02,1.19000132961042,6431
"213",1994,9,11,1994,254,108,6539,1994-09-11,1.19000132961042,6431
"214",1994,9,18,1994,261,388,6436,1994-09-18,100,6431
"215",1994,9,27,1994,270,109,6550,1994-09-27,1.19000132961042,6431
"216",1994,10,4,1994,277,389,6441,1994-10-04,1.19000132961042,6583
"217",1994,10,13,1994,286,110,6794,1994-10-13,100,6583
"218",1994,10,20,1994,293,390,6675,1994-10-20,1.19000132961042,6583
"219",1995,4,30,1995,120,391,6774,1995-04-30,100,6393
"220",1995,5,9,1995,129,111,6475,1995-05-09,1.19000132961042,6372
"221",1995,5,16,1995,136,392,6647,1995-05-16,88.5653503523468,6372
"222",1995,5,25,1995,145,112,6787,1995-05-25,100,6372
"223",1995,6,1,1995,152,393,6669,1995-06-01,35.8795372955724,7298
"224",1995,6,10,1995,161,113,6991,1995-06-10,1.19000132961042,7298
"225",1995,6,17,1995,168,394,7177,1995-06-17,39.2301555644196,7298
"226",1995,6,26,1995,177,114,7371,1995-06-26,1.19000132961042,7298
"227",1995,7,3,1995,184,395,7441,1995-07-03,100,7646
"228",1995,7,12,1995,193,115,7787,1995-07-12,1.19000132961042,7646
"229",1995,7,19,1995,200,396,7843,1995-07-19,1.19000132961042,7646
"230",1995,7,28,1995,209,116,7843,1995-07-28,1.19000132961042,7646
"231",1995,8,4,1995,216,397,7869,1995-08-04,1.19000132961042,7658
"232",1995,8,13,1995,225,117,7662,1995-08-13,1.19000132961042,7658
"233",1995,8,20,1995,232,398,7423,1995-08-20,99.3750831006515,7658
"234",1995,8,29,1995,241,118,7779,1995-08-29,1.19000132961042,7658
"235",1995,9,5,1995,248,399,7362,1995-09-05,100,7434
"236",1995,9,21,1995,264,400,7513,1995-09-21,1.19000132961042,7434
"237",1995,9,30,1995,273,119,7555,1995-09-30,1.19000132961042,7434
"238",1995,10,7,1995,280,401,7585,1995-10-07,1.19000132961042,7490
"239",1995,10,16,1995,289,120,7653,1995-10-16,1.19000132961042,7490
"240",1996,5,2,1996,123,402,7294,1996-05-02,1.19000132961042,7416
"241",1996,5,11,1996,132,121,7261,1996-05-11,1.19000132961042,7416
"242",1996,5,18,1996,139,403,7456,1996-05-18,1.19000132961042,7416
"243",1996,5,27,1996,148,122,7553,1996-05-27,1.19000132961042,7416
"244",1996,6,3,1996,155,404,7488,1996-06-03,1.19000132961042,7541
"245",1996,6,12,1996,164,123,7550,1996-06-12,1.19000132961042,7541
"246",1996,6,19,1996,171,405,7555,1996-06-19,2.81212604706821,7541
"247",1996,6,28,1996,180,124,7581,1996-06-28,1.19000132961042,7541
"248",1996,7,5,1996,187,406,7563,1996-07-05,1.19000132961042,7465
"249",1996,7,14,1996,196,125,7605,1996-07-14,1.19000132961042,7465
"250",1996,7,21,1996,203,407,7585,1996-07-21,1.19000132961042,7465
"251",1996,7,30,1996,212,126,7485,1996-07-30,1.19000132961042,7465
"252",1996,8,6,1996,219,408,7498,1996-08-06,1.19000132961042,7421
"253",1996,8,15,1996,228,127,7584,1996-08-15,18.9469485440766,7421
"254",1996,8,22,1996,235,409,7444,1996-08-22,1.19000132961042,7421
"255",1996,8,31,1996,244,128,7554,1996-08-31,1.19000132961042,7421
"256",1996,9,7,1996,251,410,7240,1996-09-07,1.19000132961042,7269
"257",1996,9,16,1996,260,129,7416,1996-09-16,1.19000132961042,7269
"258",1996,9,23,1996,267,411,7327,1996-09-23,1.19000132961042,7269
"259",1996,10,9,1996,283,412,7273,1996-10-09,1.19000132961042,7162
"260",1996,10,18,1996,292,130,7430,1996-10-18,1.19000132961042,7162
"261",1997,5,5,1997,125,413,7041,1997-05-05,1.19000132961042,7264
"262",1997,5,14,1997,134,131,7075,1997-05-14,1.19000132961042,7264
"263",1997,5,21,1997,141,414,7432,1997-05-21,100,7264
"264",1997,5,30,1997,150,132,7430,1997-05-30,1.19000132961042,7264
"265",1997,6,15,1997,166,133,7775,1997-06-15,1.19000132961042,7584
"266",1997,6,22,1997,173,415,7792,1997-06-22,1.19000132961042,7584
"267",1997,7,1,1997,182,134,7867,1997-07-01,1.19000132961042,7615
"268",1997,7,8,1997,189,416,7803,1997-07-08,1.19000132961042,7615
"269",1997,7,17,1997,198,135,7749,1997-07-17,1.19000132961042,7615
"270",1997,7,24,1997,205,417,7683,1997-07-24,1.19000132961042,7615
"271",1997,8,2,1997,214,136,6946,1997-08-02,47.8659752692461,7518
"272",1997,8,9,1997,221,418,7561,1997-08-09,100,7518
"273",1997,8,18,1997,230,137,7739,1997-08-18,1.19000132961042,7518
"274",1997,8,25,1997,237,419,7747,1997-08-25,100,7518
"275",1997,9,3,1997,246,138,7703,1997-09-03,1.19000132961042,7565
"276",1997,9,10,1997,253,420,7512,1997-09-10,1.19000132961042,7565
"277",1997,9,19,1997,262,139,7433,1997-09-19,100,7565
"278",1997,10,5,1997,278,140,7656,1997-10-05,1.19000132961042,7557
"279",1997,10,12,1997,285,421,7630,1997-10-12,1.19000132961042,7557
"280",1997,10,21,1997,294,141,7888,1997-10-21,1.19000132961042,7557
"281",1998,5,1,1998,121,142,7384,1998-05-01,1.19000132961042,7437
"282",1998,5,8,1998,128,422,7542,1998-05-08,100,7437
"283",1998,5,17,1998,137,143,7610,1998-05-17,1.19000132961042,7437
"284",1998,5,24,1998,144,423,7658,1998-05-24,1.19000132961042,7437
"285",1998,6,2,1998,153,144,7813,1998-06-02,1.19000132961042,7638
"286",1998,6,9,1998,160,424,7880,1998-06-09,15.0777822098125,7638
"287",1998,6,18,1998,169,145,7819,1998-06-18,1.19000132961042,7638
"288",1998,7,4,1998,185,146,7845,1998-07-04,1.19000132961042,7636
"289",1998,7,11,1998,192,425,7880,1998-07-11,1.19000132961042,7636
"290",1998,7,20,1998,201,147,7778,1998-07-20,1.19000132961042,7636
"291",1998,7,27,1998,208,426,7708,1998-07-27,100,7636
"292",1998,8,5,1998,217,148,7699,1998-08-05,1.19000132961042,7574
"293",1998,8,12,1998,224,427,7640,1998-08-12,1.19000132961042,7574
"294",1998,8,21,1998,233,149,7452,1998-08-21,71.6792979656961,7574
"295",1998,8,28,1998,240,428,7579,1998-08-28,1.19000132961042,7574
"296",1998,9,6,1998,249,150,7612,1998-09-06,1.19000132961042,7574
"297",1998,9,13,1998,256,429,7584,1998-09-13,9.28068076053716,7574
"298",1998,9,22,1998,265,151,7467,1998-09-22,1.20329743385188,7574
"299",1998,9,29,1998,272,430,7676,1998-09-29,1.19000132961042,7574
"300",1998,10,8,1998,281,152,7673,1998-10-08,100,7560
"301",1998,10,15,1998,288,431,7616,1998-10-15,1.19000132961042,7560
"302",1998,10,24,1998,297,153,7917,1998-10-24,1.19000132961042,7560
"303",1999,5,4,1999,124,154,7397,1999-05-04,100,7346
"304",1999,5,11,1999,131,432,7412,1999-05-11,1.19000132961042,7346
"305",1999,5,27,1999,147,433,7537,1999-05-27,1.39609094535301,7346
"306",1999,6,12,1999,163,434,7679,1999-06-12,1.19000132961042,7578
"307",1999,6,21,1999,172,155,7780,1999-06-21,1.19000132961042,7578
"308",1999,6,28,1999,179,435,7799,1999-06-28,2.95173514160351,7578
"309",1999,7,6,1999,187,777,7762,1999-07-06,91.8893764127111,7681
"310",1999,7,7,1999,188,156,7884,1999-07-07,1.19000132961042,7681
"311",1999,7,15,1999,196,573,7839,1999-07-15,1.19000132961042,7681
"312",1999,7,22,1999,203,778,7695,1999-07-22,1.19000132961042,7681
"313",1999,7,23,1999,204,157,7695,1999-07-23,1.19000132961042,7681
"314",1999,7,30,1999,211,436,7621,1999-07-30,66.2943757479059,7681
"315",1999,7,31,1999,212,574,7707,1999-07-31,5.82369365775828,7681
"316",1999,8,7,1999,219,779,7614,1999-08-07,1.19000132961042,7661
"317",1999,8,8,1999,220,158,7676,1999-08-08,1.19000132961042,7661
"318",1999,8,15,1999,227,437,7676,1999-08-15,1.19000132961042,7661
"319",1999,8,16,1999,228,575,7640,1999-08-16,100,7661
"320",1999,8,23,1999,235,780,7642,1999-08-23,1.19000132961042,7661
"321",1999,8,24,1999,236,159,7610,1999-08-24,100,7661
"322",1999,8,31,1999,243,438,7543,1999-08-31,7.51229889642335,7661
"323",1999,9,1,1999,244,576,7628,1999-09-01,100,7653
"324",1999,9,8,1999,251,781,7651,1999-09-08,1.19000132961042,7653
"325",1999,9,9,1999,252,160,7602,1999-09-09,100,7653
"326",1999,9,16,1999,259,439,7678,1999-09-16,1.19000132961042,7653
"327",1999,9,17,1999,260,577,7645,1999-09-17,1.19000132961042,7653
"328",1999,9,24,1999,267,782,7661,1999-09-24,1.19000132961042,7653
"329",1999,9,25,1999,268,161,7713,1999-09-25,1.19000132961042,7653
"330",1999,10,2,1999,275,440,7817,1999-10-02,1.19000132961042,7637
"331",1999,10,3,1999,276,578,7845,1999-10-03,1.19000132961042,7637
"332",1999,10,10,1999,283,783,7671,1999-10-10,1.19000132961042,7637
"333",1999,10,11,1999,284,162,7717,1999-10-11,1.19000132961042,7637
"334",1999,10,18,1999,291,441,7636,1999-10-18,1.19000132961042,7637
"335",1999,10,19,1999,292,579,7831,1999-10-19,1.19000132961042,7637
"336",1999,10,26,1999,299,784,7790,1999-10-26,1.19000132961042,7637
"337",1999,10,27,1999,300,163,7907,1999-10-27,1.19000132961042,7637
"338",2000,5,5,2000,126,785,7314,2000-05-05,1.60882861321633,7516
"339",2000,5,6,2000,127,164,7213,2000-05-06,90.8855205424811,7516
"340",2000,5,13,2000,134,442,7457,2000-05-13,1.19000132961042,7516
"341",2000,5,14,2000,135,580,7181,2000-05-14,100,7516
"342",2000,5,21,2000,142,786,7366,2000-05-21,71.1740460045207,7516
"343",2000,5,22,2000,143,165,7415,2000-05-22,1.19000132961042,7516
"344",2000,5,29,2000,150,443,7525,2000-05-29,1.19000132961042,7516
"345",2000,5,30,2000,151,581,7484,2000-05-30,1.19000132961042,7516
"346",2000,6,6,2000,158,787,7549,2000-06-06,11.6673314718787,7591
"347",2000,6,7,2000,159,166,7582,2000-06-07,1.19000132961042,7591
"348",2000,6,14,2000,166,444,7671,2000-06-14,1.19000132961042,7591
"349",2000,6,15,2000,167,582,7600,2000-06-15,1.19000132961042,7591
"350",2000,6,22,2000,174,788,7504,2000-06-22,26.213269512033,7591
"351",2000,6,23,2000,175,167,7494,2000-06-23,1.19000132961042,7591
"352",2000,6,30,2000,182,445,6663,2000-06-30,42.9397686477862,7591
"353",2000,7,1,2000,183,583,7424,2000-07-01,1.19000132961042,7504
"354",2000,7,8,2000,190,789,7311,2000-07-08,100,7504
"355",2000,7,16,2000,198,446,7392,2000-07-16,1.19000132961042,7504
"356",2000,7,17,2000,199,584,7329,2000-07-17,1.19000132961042,7504
"357",2000,7,24,2000,206,790,6921,2000-07-24,9.82582103443691,7504
"358",2000,7,25,2000,207,168,7355,2000-07-25,1.19000132961042,7504
"359",2000,8,1,2000,214,447,7436,2000-08-01,1.19000132961042,7509
"360",2000,8,2,2000,215,585,7389,2000-08-02,1.19000132961042,7509
"361",2000,8,9,2000,222,791,5831,2000-08-09,32.728360590347,7509
"362",2000,8,10,2000,223,169,7120,2000-08-10,61.0557106767717,7509
"363",2000,8,17,2000,230,448,7386,2000-08-17,1.19000132961042,7509
"364",2000,8,18,2000,231,586,7306,2000-08-18,1.19000132961042,7509
"365",2000,8,25,2000,238,792,7246,2000-08-25,1.19000132961042,7509
"366",2000,8,26,2000,239,170,7228,2000-08-26,1.19000132961042,7509
"367",2000,9,2,2000,246,449,7341,2000-09-02,1.19000132961042,7382
"368",2000,9,3,2000,247,587,7149,2000-09-03,32.828081372158,7382
"369",2000,9,10,2000,254,793,7214,2000-09-10,1.19000132961042,7382
"370",2000,9,18,2000,262,450,7337,2000-09-18,1.19000132961042,7382
"371",2000,9,19,2000,263,588,5224,2000-09-19,54.7267650578381,7382
"372",2000,9,26,2000,270,794,7274,2000-09-26,1.19000132961042,7382
"373",2000,9,27,2000,271,171,7314,2000-09-27,87.8938970881532,7382
"374",2000,10,4,2000,278,451,7336,2000-10-04,87.4019412312193,7475
"375",2000,10,5,2000,279,589,7374,2000-10-05,1.19000132961042,7475
"376",2000,10,13,2000,287,172,7322,2000-10-13,63.6550990559766,7475
"377",2000,10,20,2000,294,452,7542,2000-10-20,1.19000132961042,7475
"378",2000,10,21,2000,295,590,6940,2000-10-21,100,7475
"379",2001,4,30,2001,120,453,6704,2001-04-30,1.26977795505917,6812
"380",2001,5,1,2001,121,591,6894,2001-05-01,1.19000132961042,7187
"381",2001,5,8,2001,128,795,6818,2001-05-08,1.19000132961042,7187
"382",2001,5,9,2001,129,173,6883,2001-05-09,1.19000132961042,7187
"383",2001,5,16,2001,136,454,6827,2001-05-16,4.52067544209547,7187
"384",2001,5,17,2001,137,592,7062,2001-05-17,100,7187
"385",2001,5,24,2001,144,796,7046,2001-05-24,1.19000132961042,7187
"386",2001,5,25,2001,145,174,7139,2001-05-25,1.19000132961042,7187
"387",2001,6,1,2001,152,455,7258,2001-06-01,1.19000132961042,7308
"388",2001,6,2,2001,153,593,7281,2001-06-02,100,7308
"389",2001,6,9,2001,160,797,7235,2001-06-09,23.002260337721,7308
"390",2001,6,10,2001,161,175,7260,2001-06-10,60.2247041616806,7308
"391",2001,6,17,2001,168,456,7266,2001-06-17,28.0813721579577,7308
"392",2001,6,18,2001,169,594,7170,2001-06-18,1.19000132961042,7308
"393",2001,6,25,2001,176,798,7152,2001-06-25,100,7308
"394",2001,7,3,2001,184,457,7044,2001-07-03,1.60882861321633,7229
"395",2001,7,4,2001,185,595,7057,2001-07-04,1.19000132961042,7229
"396",2001,7,11,2001,192,799,6959,2001-07-11,1.19000132961042,7229
"397",2001,7,12,2001,193,176,5638,2001-07-12,45.3530115676107,7229
"398",2001,7,19,2001,200,458,6959,2001-07-19,1.19000132961042,7229
"399",2001,7,20,2001,201,596,6970,2001-07-20,1.19000132961042,7229
"400",2001,7,27,2001,208,800,6884,2001-07-27,1.19000132961042,7229
"401",2001,7,28,2001,209,177,6962,2001-07-28,1.19000132961042,7229
"402",2001,8,4,2001,216,459,6875,2001-08-04,1.19000132961042,7146
"403",2001,8,5,2001,217,597,6833,2001-08-05,1.19000132961042,7146
"404",2001,8,12,2001,224,801,6849,2001-08-12,1.19000132961042,7146
"405",2001,8,20,2001,232,460,6837,2001-08-20,100,7146
"406",2001,8,21,2001,233,598,6764,2001-08-21,1.19000132961042,7146
"407",2001,8,28,2001,240,802,6940,2001-08-28,1.19000132961042,7146
"408",2001,8,29,2001,241,178,6941,2001-08-29,1.19000132961042,7146
"409",2001,9,5,2001,248,461,6921,2001-09-05,1.19000132961042,7006
"410",2001,9,6,2001,249,599,6897,2001-09-06,1.19000132961042,7006
"411",2001,9,13,2001,256,803,6750,2001-09-13,1.19000132961042,7006
"412",2001,9,14,2001,257,179,6790,2001-09-14,1.19000132961042,7006
"413",2001,9,21,2001,264,462,6781,2001-09-21,1.19000132961042,7006
"414",2001,9,22,2001,265,600,6740,2001-09-22,78.7727695785135,7006
"415",2001,9,29,2001,272,804,6822,2001-09-29,1.19000132961042,7006
"416",2001,9,30,2001,273,180,6812,2001-09-30,8.06408722244382,7006
"417",2001,10,7,2001,280,463,5737,2001-10-07,58.3233612551522,6917
"418",2001,10,8,2001,281,601,6900,2001-10-08,1.19000132961042,6917
"419",2001,10,15,2001,288,805,6819,2001-10-15,1.19000132961042,6917
"420",2001,10,16,2001,289,181,6914,2001-10-16,1.19000132961042,6917
"421",2001,10,23,2001,296,464,6858,2001-10-23,1.19000132961042,6917
"422",2001,10,24,2001,297,602,6901,2001-10-24,1.19000132961042,6917
"423",2002,5,3,2002,123,465,6234,2002-05-03,1.19000132961042,6364
"424",2002,5,4,2002,124,603,6203,2002-05-04,1.19000132961042,6364
"425",2002,5,11,2002,131,806,6180,2002-05-11,1.19000132961042,6364
"426",2002,5,12,2002,132,182,6346,2002-05-12,1.19000132961042,6364
"427",2002,5,19,2002,139,466,6049,2002-05-19,34.8623853211009,6364
"428",2002,5,20,2002,140,604,6205,2002-05-20,1.19000132961042,6364
"429",2002,5,27,2002,147,807,6049,2002-05-27,1.94123121925276,6364
"430",2002,6,4,2002,155,467,6304,2002-06-04,16.1880069139742,6339
"431",2002,6,5,2002,156,605,6280,2002-06-05,1.19000132961042,6339
"432",2002,6,12,2002,163,808,6141,2002-06-12,1.19000132961042,6339
"433",2002,6,13,2002,164,183,6199,2002-06-13,1.19000132961042,6339
"434",2002,6,20,2002,171,468,5987,2002-06-20,72.8161148783406,6339
"435",2002,6,21,2002,172,606,5994,2002-06-21,100,6339
"436",2002,6,28,2002,179,809,5944,2002-06-28,5.49793910384257,6339
"437",2002,6,29,2002,180,184,6125,2002-06-29,1.19000132961042,6339
"438",2002,7,6,2002,187,469,6081,2002-07-06,1.19000132961042,6175
"439",2002,7,7,2002,188,607,5975,2002-07-07,1.19000132961042,6175
"440",2002,7,14,2002,195,810,5912,2002-07-14,1.60882861321633,6175
"441",2002,7,15,2002,196,185,6078,2002-07-15,1.19000132961042,6175
"442",2002,7,22,2002,203,470,5670,2002-07-22,94.6283738864513,6175
"443",2002,7,23,2002,204,608,5822,2002-07-23,1.19000132961042,6175
"444",2002,7,30,2002,211,811,5797,2002-07-30,1.19000132961042,6175
"445",2002,7,31,2002,212,186,5613,2002-07-31,6.14280015955325,6175
"446",2002,8,7,2002,219,471,5790,2002-08-07,1.19000132961042,6034
"447",2002,8,8,2002,220,609,5809,2002-08-08,1.19000132961042,6034
"448",2002,8,15,2002,227,812,5655,2002-08-15,1.19000132961042,6034
"449",2002,8,16,2002,228,187,5816,2002-08-16,1.19000132961042,6034
"450",2002,8,23,2002,235,472,5806,2002-08-23,1.19000132961042,6034
"451",2002,8,24,2002,236,610,5768,2002-08-24,1.19000132961042,6034
"452",2002,8,31,2002,243,813,5701,2002-08-31,1.19000132961042,6034
"453",2002,9,1,2002,244,188,5537,2002-09-01,58.8286132163276,6101
"454",2002,9,8,2002,251,473,5472,2002-09-08,14.9514692195187,6101
"455",2002,9,9,2002,252,611,5555,2002-09-09,100,6101
"456",2002,9,16,2002,259,814,5683,2002-09-16,1.19000132961042,6101
"457",2002,9,17,2002,260,189,5738,2002-09-17,1.19000132961042,6101
"458",2002,9,24,2002,267,474,5743,2002-09-24,1.19000132961042,6101
"459",2002,9,25,2002,268,612,5804,2002-09-25,12.1061029118468,6101
"460",2002,10,2,2002,275,815,3996,2002-10-02,1.19000132961042,6006
"461",2002,10,10,2002,283,475,5703,2002-10-10,1.19000132961042,6006
"462",2002,10,11,2002,284,613,5600,2002-10-11,45.2532907857998,6006
"463",2002,10,18,2002,291,816,5797,2002-10-18,1.19000132961042,6006
"464",2002,10,19,2002,292,190,5927,2002-10-19,1.19000132961042,6006
"465",2002,10,26,2002,299,476,5903,2002-10-26,99.7407259672916,6006
"466",2002,10,27,2002,300,614,5396,2002-10-27,54.5672118069406,6006
"467",2003,5,6,2003,126,477,5461,2003-05-06,1.19000132961042,5730
"468",2003,5,7,2003,127,615,5377,2003-05-07,1.19000132961042,5730
"469",2003,5,15,2003,135,191,5379,2003-05-15,100,5730
"470",2003,5,22,2003,142,478,5347,2003-05-22,1.19000132961042,5730
"471",2003,5,23,2003,143,616,5406,2003-05-23,95.1469219518681,5730
"472",2003,5,30,2003,150,817,5499,2003-05-30,3.79603776093605,5730
"473",2003,5,31,2003,151,192,5522,2003-05-31,1.95452732349422,5730
"474",2003,6,7,2003,158,479,5638,2003-06-07,2.55285201435979,5691
"475",2003,6,16,2003,167,193,5690,2003-06-16,1.19000132961042,5691
"476",2003,6,23,2003,174,480,5690,2003-06-23,1.19000132961042,5691
"477",2003,7,2,2003,183,194,5638,2003-07-02,1.19000132961042,5553
"478",2003,7,9,2003,190,481,5614,2003-07-09,1.19000132961042,5553
"479",2003,7,17,2003,198,818,5467,2003-07-17,33.1538359260737,5553
"480",2003,7,18,2003,199,195,5478,2003-07-18,1.19000132961042,5553
"481",2003,7,25,2003,206,482,5250,2003-07-25,3.68302087488366,5553
"482",2003,7,26,2003,207,617,5302,2003-07-26,53.0913442361388,5553
"483",2003,8,2,2003,214,819,5381,2003-08-02,100,5361
"484",2003,8,3,2003,215,196,5407,2003-08-03,1.19000132961042,5361
"485",2003,8,10,2003,222,483,5296,2003-08-10,1.19000132961042,5361
"486",2003,8,11,2003,223,618,5336,2003-08-11,100,5361
"487",2003,8,18,2003,230,820,5185,2003-08-18,36.158755484643,5361
"488",2003,8,19,2003,231,197,5219,2003-08-19,1.19000132961042,5361
"489",2003,8,26,2003,238,484,5185,2003-08-26,1.19000132961042,5361
"490",2003,9,4,2003,247,198,5281,2003-09-04,1.19000132961042,5349
"491",2003,9,11,2003,254,485,5276,2003-09-11,1.19000132961042,5349
"492",2003,9,19,2003,262,821,5241,2003-09-19,36.1055710676772,5349
"493",2003,9,27,2003,270,486,5128,2003-09-27,1.19000132961042,5349
"494",2003,9,28,2003,271,619,5118,2003-09-28,30.2087488365909,5349
"495",2003,10,5,2003,278,822,4931,2003-10-05,36.3914373088685,5315
"496",2003,10,6,2003,279,199,5242,2003-10-06,1.19000132961042,5315
"497",2003,10,13,2003,286,487,5272,2003-10-13,1.19000132961042,5315
"498",2003,10,14,2003,287,620,5365,2003-10-14,33.7189203563356,5315
"499",2003,10,21,2003,294,823,5302,2003-10-21,35.6335593671054,5315
"500",2003,10,22,2003,295,200,5412,2003-10-22,1.19000132961042,5315
"501",2004,4,30,2004,121,824,4834,2004-04-30,99.8936311660683,4820
"502",2004,5,1,2004,122,201,4907,2004-05-01,1.19000132961042,5073
"503",2004,5,8,2004,129,488,4888,2004-05-08,1.19000132961042,5073
"504",2004,5,9,2004,130,621,4818,2004-05-09,32.0502592740327,5073
"505",2004,5,16,2004,137,825,4682,2004-05-16,51.1501130168861,5073
"506",2004,5,17,2004,138,202,4707,2004-05-17,100,5073
"507",2004,5,24,2004,145,489,4997,2004-05-24,1.19000132961042,5073
"508",2004,5,25,2004,146,622,4903,2004-05-25,33.5926073660417,5073
"509",2004,6,1,2004,153,826,4973,2004-06-01,35.9659619731419,5219
"510",2004,6,2,2004,154,203,5007,2004-06-02,1.19000132961042,5219
"511",2004,6,9,2004,161,490,5008,2004-06-09,1.19000132961042,5219
"512",2004,6,10,2004,162,623,4981,2004-06-10,34.8756814253424,5219
"513",2004,6,17,2004,169,827,5045,2004-06-17,98.9695519212871,5219
"514",2004,6,18,2004,170,204,5024,2004-06-18,1.19000132961042,5219
"515",2004,6,25,2004,177,491,5103,2004-06-25,40.8855205424811,5219
"516",2004,6,26,2004,178,624,4925,2004-06-26,31.1793644462173,5219
"517",2004,7,3,2004,185,828,4861,2004-07-03,33.1338917697115,5006
"518",2004,7,4,2004,186,205,4867,2004-07-04,1.19000132961042,5006
"519",2004,7,11,2004,193,492,4850,2004-07-11,5.87687807472411,5006
"520",2004,7,12,2004,194,625,4825,2004-07-12,32.1566281079644,5006
"521",2004,7,19,2004,201,829,4805,2004-07-19,33.1072995612286,5006
"522",2004,7,20,2004,202,206,4778,2004-07-20,1.19000132961042,5006
"523",2004,7,27,2004,209,493,4699,2004-07-27,100,5006
"524",2004,7,28,2004,210,626,4694,2004-07-28,32.9942826751762,5006
"525",2004,8,4,2004,217,830,4579,2004-08-04,32.262996941896,4815
"526",2004,8,5,2004,218,207,4556,2004-08-05,75.6415370296503,4815
"527",2004,8,12,2004,225,494,4579,2004-08-12,1.19000132961042,4815
"528",2004,8,13,2004,226,627,4587,2004-08-13,31.578247573461,4815
"529",2004,8,20,2004,233,831,4569,2004-08-20,35.2812126047068,4815
"530",2004,8,21,2004,234,208,4629,2004-08-21,1.19000132961042,4815
"531",2004,8,28,2004,241,495,4528,2004-08-28,1.19000132961042,4815
"532",2004,8,29,2004,242,628,4472,2004-08-29,33.0408190400213,4815
"533",2004,9,5,2004,249,832,4519,2004-09-05,32.582103443691,4673
"534",2004,9,6,2004,250,209,4568,2004-09-06,1.19000132961042,4673
"535",2004,9,13,2004,257,496,4559,2004-09-13,1.19000132961042,4673
"536",2004,9,14,2004,258,629,4553,2004-09-14,35.0086424677569,4673
"537",2004,9,21,2004,265,833,4701,2004-09-21,100,4673
"538",2004,9,22,2004,266,210,4658,2004-09-22,1.19000132961042,4673
"539",2004,9,29,2004,273,497,4640,2004-09-29,100,4673
"540",2004,9,30,2004,274,630,4629,2004-09-30,33.4928865842308,4673
"541",2004,10,7,2004,281,834,4535,2004-10-07,33.12059566547,4666
"542",2004,10,8,2004,282,211,4631,2004-10-08,1.19000132961042,4666
"543",2004,10,15,2004,289,498,4596,2004-10-15,1.19000132961042,4666
"544",2004,10,16,2004,290,631,4442,2004-10-16,44.9408323361255,4666
"545",2004,10,23,2004,297,835,4658,2004-10-23,32.5156229224837,4666
"546",2004,10,24,2004,298,212,4504,2004-10-24,100,4666
"547",2005,5,3,2005,123,836,4516,2005-05-03,43.2921154101848,4833
"548",2005,5,4,2005,124,213,4441,2005-05-04,19.6117537561494,4833
"549",2005,5,11,2005,131,499,4544,2005-05-11,2.97832735008642,4833
"550",2005,5,12,2005,132,632,4343,2005-05-12,32.5222709746044,4833
"551",2005,5,19,2005,139,837,4616,2005-05-19,32.6951203297434,4833
"552",2005,5,20,2005,140,214,4634,2005-05-20,1.19000132961042,4833
"553",2005,5,27,2005,147,500,4868,2005-05-27,99.7407259672916,4833
"554",2005,5,28,2005,148,633,4716,2005-05-28,31.1993086025794,4833
"555",2005,6,4,2005,155,838,4939,2005-06-04,33.1604839781944,5549
"556",2005,6,5,2005,156,215,4973,2005-06-05,1.19000132961042,5549
"557",2005,6,12,2005,163,501,5169,2005-06-12,1.19000132961042,5549
"558",2005,6,13,2005,164,634,5168,2005-06-13,35.8662411913309,5549
"559",2005,6,20,2005,171,839,5271,2005-06-20,32.3826618800691,5549
"560",2005,6,21,2005,172,216,5275,2005-06-21,1.19000132961042,5549
"561",2005,6,28,2005,179,502,5285,2005-06-28,1.60882861321633,5549
"562",2005,6,29,2005,180,635,5364,2005-06-29,32.6286398085361,5549
"563",2005,7,6,2005,187,840,5385,2005-07-06,35.1881398750166,5526
"564",2005,7,7,2005,188,217,5437,2005-07-07,1.19000132961042,5526
"565",2005,7,14,2005,195,503,5481,2005-07-14,1.19000132961042,5526
"566",2005,7,15,2005,196,636,5383,2005-07-15,35.2612684483446,5526
"567",2005,7,22,2005,203,841,5303,2005-07-22,32.4690865576386,5526
"568",2005,7,23,2005,204,218,5072,2005-07-23,36.0390905464699,5526
"569",2005,7,30,2005,211,504,5097,2005-07-30,3.76944555245313,5526
"570",2005,7,31,2005,212,637,4184,2005-07-31,34.76266453929,5526
"571",2005,8,7,2005,219,842,5083,2005-08-07,35.5205424810531,5245
"572",2005,8,8,2005,220,219,5196,2005-08-08,1.19000132961042,5245
"573",2005,8,16,2005,228,638,5004,2005-08-16,34.9621061029118,5245
"574",2005,8,23,2005,235,843,5019,2005-08-23,35.6535035234676,5245
"575",2005,8,24,2005,236,220,5214,2005-08-24,1.19000132961042,5245
"576",2005,8,31,2005,243,505,5105,2005-08-31,1.19000132961042,5245
"577",2005,9,1,2005,244,639,4814,2005-09-01,50.0664805212073,5221
"578",2005,9,9,2005,252,221,5281,2005-09-09,1.19000132961042,5221
"579",2005,9,16,2005,259,506,5203,2005-09-16,1.19000132961042,5221
"580",2005,9,17,2005,260,640,5170,2005-09-17,34.0313788060098,5221
"581",2005,9,24,2005,267,844,5078,2005-09-24,32.6751761733812,5221
"582",2005,9,25,2005,268,222,5220,2005-09-25,1.19000132961042,5221
"583",2005,10,2,2005,275,507,5117,2005-10-02,1.19000132961042,5420
"584",2005,10,3,2005,276,641,5111,2005-10-03,31.3256215928733,5420
"585",2005,10,10,2005,283,845,5251,2005-10-10,100,5420
"586",2005,10,11,2005,284,223,5309,2005-10-11,1.19000132961042,5420
"587",2005,10,18,2005,291,508,5258,2005-10-18,44.5818375216062,5420
"588",2005,10,19,2005,292,642,5113,2005-10-19,32.5688073394495,5420
"589",2005,10,26,2005,299,846,5022,2005-10-26,73.4543278819306,5420
"590",2006,5,6,2006,126,847,5156,2006-05-06,33.5660151575588,5555
"591",2006,5,7,2006,127,224,5160,2006-05-07,1.19000132961042,5555
"592",2006,5,14,2006,134,509,5203,2006-05-14,1.19000132961042,5555
"593",2006,5,15,2006,135,643,5207,2006-05-15,30.6940566414041,5555
"594",2006,5,22,2006,142,848,5238,2006-05-22,35.939369764659,5555
"595",2006,5,23,2006,143,225,5272,2006-05-23,1.19000132961042,5555
"596",2006,5,30,2006,150,510,5337,2006-05-30,1.19000132961042,5555
"597",2006,5,31,2006,151,644,5352,2006-05-31,30.6342241723175,5555
"598",2006,6,7,2006,158,849,5357,2006-06-07,36.3847892567478,5614
"599",2006,6,15,2006,166,511,5435,2006-06-15,100,5614
"600",2006,6,16,2006,167,645,5425,2006-06-16,33.4064619066613,5614
"601",2006,6,23,2006,174,850,5496,2006-06-23,40.6328945618934,5614
"602",2006,6,24,2006,175,226,5492,2006-06-24,1.19000132961042,5614
"603",2006,7,1,2006,182,512,4823,2006-07-01,44.1563621858795,5437
"604",2006,7,2,2006,183,646,4708,2006-07-02,95.6854141736471,5437
"605",2006,7,9,2006,190,851,5219,2006-07-09,62.3454327881931,5437
"606",2006,7,17,2006,198,513,5310,2006-07-17,1.19000132961042,5437
"607",2006,7,18,2006,199,647,5206,2006-07-18,62.4783938306076,5437
"608",2006,7,25,2006,206,852,5333,2006-07-25,32.9876346230554,5437
"609",2006,7,26,2006,207,227,5347,2006-07-26,1.19000132961042,5437
"610",2006,8,2,2006,214,514,5150,2006-08-02,46.1374817178567,5384
"611",2006,8,3,2006,215,648,5206,2006-08-03,34.908921685946,5384
"612",2006,8,10,2006,222,853,5133,2006-08-10,35.6069671586225,5384
"613",2006,8,11,2006,223,228,5154,2006-08-11,100,5384
"614",2006,8,18,2006,230,515,4968,2006-08-18,2.93843903736205,5384
"615",2006,8,19,2006,231,649,5069,2006-08-19,31.8508177104109,5384
"616",2006,8,26,2006,238,854,5142,2006-08-26,33.3000930727297,5384
"617",2006,8,27,2006,239,229,5224,2006-08-27,1.19000132961042,5384
"618",2006,9,3,2006,246,516,5148,2006-09-03,1.19000132961042,5278
"619",2006,9,4,2006,247,650,5114,2006-09-04,32.189868368568,5278
"620",2006,9,11,2006,254,855,5109,2006-09-11,36.4512697779551,5278
"621",2006,9,12,2006,255,230,5180,2006-09-12,1.19000132961042,5278
"622",2006,9,19,2006,262,517,5164,2006-09-19,1.19000132961042,5278
"623",2006,9,20,2006,263,651,5106,2006-09-20,100,5278
"624",2006,9,27,2006,270,856,5097,2006-09-27,34.1776359526659,5278
"625",2006,9,28,2006,271,231,5155,2006-09-28,1.19000132961042,5278
"626",2006,10,13,2006,286,857,4939,2006-10-13,32.8746177370031,5333
"627",2006,10,21,2006,294,518,5125,2006-10-21,1.19000132961042,5333
"628",2006,10,22,2006,295,652,5043,2006-10-22,35.3809333865177,5333
"629",2007,5,1,2007,121,519,5234,2007-05-01,1.19000132961042,5499
"630",2007,5,2,2007,122,653,5015,2007-05-02,100,5499
"631",2007,5,9,2007,129,858,5222,2007-05-09,31.6646722510304,5499
"632",2007,5,17,2007,137,520,5337,2007-05-17,1.19000132961042,5499
"633",2007,5,18,2007,138,654,5263,2007-05-18,33.193724238798,5499
"634",2007,5,25,2007,145,859,5339,2007-05-25,33.7455125648185,5499
"635",2007,5,26,2007,146,232,5311,2007-05-26,1.19000132961042,5499
"636",2007,6,2,2007,153,521,5359,2007-06-02,1.19000132961042,5538
"637",2007,6,3,2007,154,655,5294,2007-06-03,34.1576917963037,5538
"638",2007,6,10,2007,161,860,5373,2007-06-10,37.4684217524265,5538
"639",2007,6,11,2007,162,233,5414,2007-06-11,95.5856933918362,5538
"640",2007,6,18,2007,169,522,5489,2007-06-18,4.56056375481984,5538
"641",2007,6,19,2007,170,656,5433,2007-06-19,34.4967424544608,5538
"642",2007,6,26,2007,177,861,5415,2007-06-26,34.9488099986704,5538
"643",2007,6,27,2007,178,234,5466,2007-06-27,1.19000132961042,5538
"644",2007,7,4,2007,185,523,5373,2007-07-04,1.19000132961042,5491
"645",2007,7,5,2007,186,657,5216,2007-07-05,34.0380268581306,5491
"646",2007,7,12,2007,193,862,5318,2007-07-12,36.6905996543013,5491
"647",2007,7,13,2007,194,235,5280,2007-07-13,39.6755750565084,5491
"648",2007,7,20,2007,201,524,5335,2007-07-20,1.19000132961042,5491
"649",2007,7,21,2007,202,658,5304,2007-07-21,89.3564685547135,5491
"650",2007,7,28,2007,209,863,5270,2007-07-28,33.2336125515224,5491
"651",2007,7,29,2007,210,236,5249,2007-07-29,1.19000132961042,5491
"652",2007,8,5,2007,217,525,5254,2007-08-05,1.19000132961042,5399
"653",2007,8,6,2007,218,659,4727,2007-08-06,78.5201435979258,5399
"654",2007,8,13,2007,225,864,5139,2007-08-13,34.3238930993219,5399
"655",2007,8,14,2007,226,237,5132,2007-08-14,100,5399
"656",2007,8,21,2007,233,526,5239,2007-08-21,1.19000132961042,5399
"657",2007,8,22,2007,234,660,5137,2007-08-22,33.9250099720782,5399
"658",2007,8,29,2007,241,865,5102,2007-08-29,31.1394761334929,5399
"659",2007,8,30,2007,242,238,5162,2007-08-30,1.19000132961042,5399
"660",2007,9,6,2007,249,527,5231,2007-09-06,1.19000132961042,5554
"661",2007,9,7,2007,250,661,5170,2007-09-07,34.443558037495,5554
"662",2007,9,14,2007,257,866,5152,2007-09-14,100,5554
"663",2007,9,15,2007,258,239,5163,2007-09-15,1.19000132961042,5554
"664",2007,9,22,2007,265,528,4689,2007-09-22,12.7775561760404,5554
"665",2007,9,23,2007,266,662,5114,2007-09-23,77.0575721313655,5554
"666",2007,9,30,2007,273,867,5223,2007-09-30,35.7465762531578,5554
"667",2007,10,1,2007,274,240,5271,2007-10-01,100,5225
"668",2007,10,9,2007,282,663,4419,2007-10-09,79.9760670123654,5225
"669",2007,10,16,2007,289,868,5255,2007-10-16,32.8945618933652,5225
"670",2007,10,25,2007,298,664,5359,2007-10-25,33.2003722909188,5225
"671",2008,5,3,2008,124,529,5045,2008-05-03,27.928466959181,5572
"672",2008,5,4,2008,125,665,5550,2008-05-04,100,5572
"673",2008,5,11,2008,132,869,5159,2008-05-11,32.8147852679165,5572
"674",2008,5,12,2008,133,241,5348,2008-05-12,82.3959579843106,5572
"675",2008,5,19,2008,140,530,5287,2008-05-19,1.19000132961042,5572
"676",2008,5,20,2008,141,666,5259,2008-05-20,32.9078579976067,5572
"677",2008,5,27,2008,148,870,5305,2008-05-27,34.1111554314586,5572
"678",2008,5,28,2008,149,242,5376,2008-05-28,1.19000132961042,5572
"679",2008,6,4,2008,156,531,5482,2008-06-04,100,6023
"680",2008,6,5,2008,157,667,5507,2008-06-05,100,6023
"681",2008,6,12,2008,164,871,5684,2008-06-12,32.4092540885521,6023
"682",2008,6,20,2008,172,532,5839,2008-06-20,1.56229224837123,6023
"683",2008,6,21,2008,173,668,5771,2008-06-21,31.7710410849621,6023
"684",2008,6,28,2008,180,872,5926,2008-06-28,35.2413242919825,6023
"685",2008,6,29,2008,181,243,5920,2008-06-29,95.1070336391437,6023
"686",2008,7,6,2008,188,533,6030,2008-07-06,1.19000132961042,6091
"687",2008,7,7,2008,189,669,6006,2008-07-07,32.6352878606568,6091
"688",2008,7,14,2008,196,873,6000,2008-07-14,98.284802552852,6091
"689",2008,7,15,2008,197,244,6016,2008-07-15,1.19000132961042,6091
"690",2008,7,22,2008,204,534,5922,2008-07-22,99.780614280016,6091
"691",2008,7,23,2008,205,670,5903,2008-07-23,90.4068607897886,6091
"692",2008,7,30,2008,212,874,5714,2008-07-30,32.8812657891238,6091
"693",2008,7,31,2008,213,245,5846,2008-07-31,1.19000132961042,6091
"694",2008,8,7,2008,220,535,5544,2008-08-07,77.9882994282675,5918
"695",2008,8,8,2008,221,671,5694,2008-08-08,34.4502060896157,5918
"696",2008,8,15,2008,228,875,5682,2008-08-15,32.8480255285201,5918
"697",2008,8,16,2008,229,246,5554,2008-08-16,67.737003058104,5918
"698",2008,8,23,2008,236,536,5700,2008-08-23,1.19000132961042,5918
"699",2008,8,24,2008,237,672,5718,2008-08-24,100,5918
"700",2008,9,1,2008,245,247,5785,2008-09-01,96.9153038159819,5825
"701",2008,9,8,2008,252,537,5751,2008-09-08,1.19000132961042,5825
"702",2008,9,9,2008,253,673,5767,2008-09-09,100,5825
"703",2008,9,16,2008,260,876,5708,2008-09-16,32.5355670788459,5825
"704",2008,9,17,2008,261,248,5691,2008-09-17,94.7746310331073,5825
"705",2008,9,24,2008,268,538,5769,2008-09-24,1.19000132961042,5825
"706",2008,9,25,2008,269,674,5440,2008-09-25,37.8141204627044,5825
"707",2008,10,2,2008,276,877,5752,2008-10-02,33.3599255418162,5812
"708",2008,10,3,2008,277,249,5731,2008-10-03,100,5812
"709",2008,10,10,2008,284,539,5871,2008-10-10,1.19000132961042,5812
"710",2008,10,11,2008,285,675,5585,2008-10-11,47.5535168195719,5812
"711",2008,10,18,2008,292,878,5617,2008-10-18,33.5327748969552,5812
"712",2008,10,19,2008,293,250,5305,2008-10-19,58.7155963302752,5812
"713",2008,10,26,2008,300,540,5842,2008-10-26,1.19000132961042,5812
"714",2009,5,6,2009,126,541,5602,2009-05-06,1.19000132961042,6034
"715",2009,5,7,2009,127,676,5532,2009-05-07,32.4890307140008,6034
"716",2009,5,14,2009,134,879,5588,2009-05-14,32.1566281079644,6034
"717",2009,5,15,2009,135,251,5617,2009-05-15,1.19000132961042,6034
"718",2009,5,30,2009,150,880,5846,2009-05-30,32.11673979524,6034
"719",2009,5,31,2009,151,252,5587,2009-05-31,80.5876878074724,6034
"720",2009,6,7,2009,158,542,5567,2009-06-07,100,5800
"721",2009,6,8,2009,159,677,5589,2009-06-08,100,5800
"722",2009,6,15,2009,166,881,5846,2009-06-15,46.7158622523601,5800
"723",2009,6,16,2009,167,253,5753,2009-06-16,100,5800
"724",2009,6,23,2009,174,543,5965,2009-06-23,54.5472676505784,5800
"725",2009,6,24,2009,175,678,5828,2009-06-24,72.1579577183885,5800
"726",2009,7,1,2009,182,882,6073,2009-07-01,35.1881398750166,6313
"727",2009,7,2,2009,183,254,6065,2009-07-02,100,6313
"728",2009,7,9,2009,190,544,6239,2009-07-09,2.81877409918894,6313
"729",2009,7,10,2009,191,679,6201,2009-07-10,91.8361919957452,6313
"730",2009,7,17,2009,198,883,6118,2009-07-17,34.8690333732216,6313
"731",2009,7,18,2009,199,255,6184,2009-07-18,1.19000132961042,6313
"732",2009,7,25,2009,206,545,6046,2009-07-25,1.19000132961042,6313
"733",2009,7,26,2009,207,680,6004,2009-07-26,34.2042281611488,6313
"734",2009,8,2,2009,214,884,6106,2009-08-02,34.0779151708549,6223
"735",2009,8,3,2009,215,256,6153,2009-08-03,1.19000132961042,6223
"736",2009,8,10,2009,222,546,6134,2009-08-10,1.19000132961042,6223
"737",2009,8,11,2009,223,681,5971,2009-08-11,34.8025528520144,6223
"738",2009,8,18,2009,230,885,6018,2009-08-18,32.4092540885521,6223
"739",2009,8,19,2009,231,257,6014,2009-08-19,1.19000132961042,6223
"740",2009,8,26,2009,238,547,5954,2009-08-26,1.19000132961042,6223
"741",2009,8,27,2009,239,682,5991,2009-08-27,30.401542348092,6223
"742",2009,9,3,2009,246,886,5994,2009-09-03,32.1233878473607,6158
"743",2009,9,4,2009,247,258,6002,2009-09-04,1.19000132961042,6158
"744",2009,9,11,2009,254,548,5422,2009-09-11,1.19000132961042,6158
"745",2009,9,12,2009,255,683,5870,2009-09-12,30.5544475468688,6158
"746",2009,9,19,2009,262,887,5948,2009-09-19,31.6048397819439,6158
"747",2009,9,20,2009,263,259,5781,2009-09-20,3.64978061428002,6158
"748",2009,9,27,2009,270,549,5810,2009-09-27,1.19000132961042,6158
"749",2009,9,28,2009,271,684,5864,2009-09-28,33.1538359260737,6158
"750",2009,10,5,2009,278,888,5987,2009-10-05,35.1283074059301,6107
"751",2009,10,6,2009,279,260,5946,2009-10-06,1.19000132961042,6107
"752",2009,10,13,2009,286,550,6000,2009-10-13,33.3200372290919,6107
"753",2009,10,14,2009,287,685,5780,2009-10-14,83.1139476133493,6107
"754",2009,10,21,2009,294,889,6124,2009-10-21,32.5355670788459,6107
"755",2009,10,22,2009,295,261,6083,2009-10-22,1.19000132961042,6107
"756",2010,5,1,2010,121,890,5780,2010-05-01,34.5964632362718,6013
"757",2010,5,2,2010,122,262,5762,2010-05-02,100,6013
"758",2010,5,9,2010,129,551,5782,2010-05-09,2.2071533040819,6013
"759",2010,5,10,2010,130,686,5704,2010-05-10,30.7472410583699,6013
"760",2010,5,17,2010,137,891,5681,2010-05-17,33.685680095732,6013
"761",2010,5,18,2010,138,263,5678,2010-05-18,21.0344369099854,6013
"762",2010,5,25,2010,145,552,5772,2010-05-25,1.19000132961042,6013
"763",2010,5,26,2010,146,687,5320,2010-05-26,42.4677569472145,6013
"764",2010,6,2,2010,153,892,5819,2010-06-02,30.0026592208483,6328
"765",2010,6,3,2010,154,264,5809,2010-06-03,5.79045339715463,6328
"766",2010,6,10,2010,161,553,6040,2010-06-10,1.19000132961042,6328
"767",2010,6,11,2010,162,688,6005,2010-06-11,100,6328
"768",2010,6,18,2010,169,893,6131,2010-06-18,30.4547267650578,6328
"769",2010,6,19,2010,170,265,6206,2010-06-19,1.19000132961042,6328
"770",2010,6,26,2010,177,554,6042,2010-06-26,3.82262996941896,6328
"771",2010,6,27,2010,178,689,6045,2010-06-27,33.0674112485042,6328
"772",2010,7,4,2010,185,894,6114,2010-07-04,33.7122723042149,6211
"773",2010,7,5,2010,186,266,6122,2010-07-05,1.19000132961042,6211
"774",2010,7,12,2010,193,555,5894,2010-07-12,1.19000132961042,6211
"775",2010,7,13,2010,194,690,5949,2010-07-13,30.9001462571467,6211
"776",2010,7,20,2010,201,895,6057,2010-07-20,61.1288392500997,6211
"777",2010,7,21,2010,202,267,6006,2010-07-21,1.19000132961042,6211
"778",2010,7,28,2010,209,556,5690,2010-07-28,17.4311926605505,6211
"779",2010,7,29,2010,210,691,6271,2010-07-29,94.6882063555378,6211
"780",2010,8,5,2010,217,896,5999,2010-08-05,100,6406
"781",2010,8,6,2010,218,268,5942,2010-08-06,1.19000132961042,6406
"782",2010,8,13,2010,225,557,5800,2010-08-13,1.19000132961042,6406
"783",2010,8,14,2010,226,692,5795,2010-08-14,34.5366307671852,6406
"784",2010,8,21,2010,233,897,5814,2010-08-21,34.0779151708549,6406
"785",2010,8,29,2010,241,558,5981,2010-08-29,37.1160749900279,6406
"786",2010,8,30,2010,242,693,5836,2010-08-30,34.3970216726499,6406
"787",2010,9,6,2010,249,898,5828,2010-09-06,31.3455657492355,5953
"788",2010,9,7,2010,250,269,5848,2010-09-07,100,5953
"789",2010,9,14,2010,257,559,5709,2010-09-14,1.19000132961042,5953
"790",2010,9,15,2010,258,694,5805,2010-09-15,33.7189203563356,5953
"791",2010,9,22,2010,265,899,5658,2010-09-22,100,5953
"792",2010,9,23,2010,266,270,5763,2010-09-23,1.19000132961042,5953
"793",2010,9,30,2010,273,560,5909,2010-09-30,1.19000132961042,5953
"794",2010,10,1,2010,274,695,5878,2010-10-01,33.2602047600053,6526
"795",2010,10,8,2010,281,900,5990,2010-10-08,29.5638877808802,6526
"796",2010,10,9,2010,282,271,5927,2010-10-09,1.19000132961042,6526
"797",2010,10,16,2010,289,561,5774,2010-10-16,1.19000132961042,6526
"798",2010,10,17,2010,290,696,5838,2010-10-17,98.603909054647,6526
"799",2010,10,24,2010,297,901,5691,2010-10-24,100,6526
"800",2011,5,4,2011,124,902,5549,2011-05-04,30.5810397553517,5927
"801",2011,5,5,2011,125,272,5533,2011-05-05,1.19000132961042,5927
"802",2011,5,12,2011,132,562,5529,2011-05-12,1.19000132961042,5927
"803",2011,5,13,2011,133,697,5514,2011-05-13,34.0114346496477,5927
"804",2011,5,20,2011,140,903,5647,2011-05-20,32.801489163675,5927
"805",2011,5,21,2011,141,273,5644,2011-05-21,1.19000132961042,5927
"806",2011,5,28,2011,148,563,5712,2011-05-28,1.77502991623454,5927
"807",2011,5,29,2011,149,698,5648,2011-05-29,34.1776359526659,5927
"808",2011,6,5,2011,156,904,5757,2011-06-05,33.4330541151443,6652
"809",2011,6,6,2011,157,274,5807,2011-06-06,1.19000132961042,6652
"810",2011,6,13,2011,164,564,5454,2011-06-13,45.8316713203032,6652
"811",2011,6,14,2011,165,699,5824,2011-06-14,33.8917697114745,6652
"812",2011,6,21,2011,172,905,6187,2011-06-21,30.5544475468688,6652
"813",2011,6,22,2011,173,275,6282,2011-06-22,1.19000132961042,6652
"814",2011,6,29,2011,180,565,6414,2011-06-29,1.19000132961042,6652
"815",2011,6,30,2011,181,700,6435,2011-06-30,31.1594202898551,6652
"816",2011,7,7,2011,188,906,6531,2011-07-07,32.7350086424678,6951
"817",2011,7,8,2011,189,276,6604,2011-07-08,1.19000132961042,6951
"818",2011,7,15,2011,196,566,6688,2011-07-15,1.19000132961042,6951
"819",2011,7,16,2011,197,701,6531,2011-07-16,41.8162478393831,6951
"820",2011,7,23,2011,204,907,6656,2011-07-23,33.3865177502992,6951
"821",2011,7,24,2011,205,277,6682,2011-07-24,1.19000132961042,6951
"822",2011,7,31,2011,212,567,6613,2011-07-31,100,6951
"823",2011,8,1,2011,213,702,6635,2011-08-01,32.362717723707,6863
"824",2011,8,8,2011,220,908,6692,2011-08-08,32.4026060364313,6863
"825",2011,8,9,2011,221,278,6636,2011-08-09,1.19000132961042,6863
"826",2011,8,16,2011,228,568,6411,2011-08-16,1.19000132961042,6863
"827",2011,8,17,2011,229,703,6235,2011-08-17,33.8252891902672,6863
"828",2011,8,24,2011,236,909,6488,2011-08-24,33.978194389044,6863
"829",2011,8,25,2011,237,279,6418,2011-08-25,100,6863
"830",2011,9,1,2011,244,569,6557,2011-09-01,1.19000132961042,6743
"831",2011,9,2,2011,245,704,6551,2011-09-02,32.2031644728095,6743
"832",2011,9,9,2011,252,910,6468,2011-09-09,100,6743
"833",2011,9,10,2011,253,280,6574,2011-09-10,13.3359925541816,6743
"834",2011,9,17,2011,260,570,6438,2011-09-17,73.5075122988964,6743
"835",2011,9,18,2011,261,705,6346,2011-09-18,32.1832203164473,6743
"836",2011,9,25,2011,268,911,6268,2011-09-25,30.9599787262332,6743
"837",2011,9,26,2011,269,281,6042,2011-09-26,100,6743
"838",2011,10,3,2011,276,571,6348,2011-10-03,1.19000132961042,6651
"839",2011,10,11,2011,284,912,6516,2011-10-11,32.7150644861056,6651
"840",2011,10,12,2011,285,282,6461,2011-10-12,1.19000132961042,6651
"841",2011,10,19,2011,292,572,6448,2011-10-19,1.19000132961042,6651
"842",2011,10,20,2011,293,706,6463,2011-10-20,33.4596463236272,6651
"843",2011,10,27,2011,300,913,6397,2011-10-27,31.6646722510304,6651
"844",2012,4,29,2012,120,707,5921,2012-04-29,27.1506448610557,5365
"845",2012,5,6,2012,127,914,5984,2012-05-06,38.5188139875017,6125
"846",2012,5,22,2012,143,915,5590,2012-05-22,39.589150378939,6125
"847",2012,5,31,2012,152,708,5742,2012-05-31,32.0369631697912,6125
"848",2012,6,7,2012,159,916,5920,2012-06-07,32.828081372158,4882
"849",2012,6,16,2012,168,709,5715,2012-06-16,35.3875814386385,4882
"850",2012,6,23,2012,175,917,5705,2012-06-23,34.0779151708549,4882
"851",2012,7,2,2012,184,710,5503,2012-07-02,100,5983
"852",2012,7,9,2012,191,918,5619,2012-07-09,31.9904268049461,5983
"853",2012,7,18,2012,200,711,5857,2012-07-18,31.5250631564951,5983
"854",2012,7,25,2012,207,919,5611,2012-07-25,32.3228294109826,5983
"855",2012,8,3,2012,216,712,5201,2012-08-03,31.9970748570669,5788
"856",2012,8,10,2012,223,920,5065,2012-08-10,100,5788
"857",2012,8,19,2012,232,713,5217,2012-08-19,38.5919425608297,5788
"858",2012,8,26,2012,239,921,5300,2012-08-26,30.7605371626114,5788
"859",2012,9,4,2012,248,714,5371,2012-09-04,31.5317112086159,5747
"860",2012,9,20,2012,264,715,5281,2012-09-20,36.0191463901077,5747
"861",2012,9,27,2012,271,922,5477,2012-09-27,30.6674644329212,5747
"862",2012,10,6,2012,280,716,5329,2012-10-06,33.2336125515224,5643
"863",2012,10,13,2012,287,923,5553,2012-10-13,33.1737800824358,5643
"864",2013,5,1,2013,121,1048,4752,2013-05-01,1.19000132961042,4917
"865",2013,5,2,2013,122,717,4805,2013-05-02,33.9183619199574,4917
"866",2013,5,9,2013,129,924,4876,2013-05-09,100,4917
"867",2013,5,17,2013,137,1049,4742,2013-05-17,4.21486504454195,4917
"868",2013,5,18,2013,138,718,4783,2013-05-18,34.0313788060098,4917
"869",2013,5,25,2013,145,925,4883,2013-05-25,32.0834995346364,4917
"870",2013,5,26,2013,146,985,5021,2013-05-26,1.19000132961042,4917
"871",2013,6,2,2013,153,1050,4963,2013-06-02,100,5399
"872",2013,6,3,2013,154,719,5031,2013-06-03,34.443558037495,5399
"873",2013,6,10,2013,161,926,5176,2013-06-10,33.7721047733014,5399
"874",2013,6,11,2013,162,986,5212,2013-06-11,1.19000132961042,5399
"875",2013,6,18,2013,169,1051,5258,2013-06-18,7.45246642733679,5399
"876",2013,6,19,2013,170,720,5240,2013-06-19,30.547799494748,5399
"877",2013,6,26,2013,177,927,5231,2013-06-26,33.4729424278686,5399
"878",2013,6,27,2013,178,987,5251,2013-06-27,1.19000132961042,5399
"879",2013,7,4,2013,185,1052,5006,2013-07-04,100,5238
"880",2013,7,5,2013,186,721,5001,2013-07-05,61.58755484643,5238
"881",2013,7,12,2013,193,928,4868,2013-07-12,45.6987102778886,5238
"882",2013,7,13,2013,194,988,4947,2013-07-13,1.19000132961042,5238
"883",2013,7,20,2013,201,1053,4664,2013-07-20,1.19000132961042,5238
"884",2013,7,21,2013,202,722,3659,2013-07-21,44.242786863449,5238
"885",2013,7,28,2013,209,929,4311,2013-07-28,32.6485839648983,5238
"886",2013,7,29,2013,210,989,4447,2013-07-29,1.19000132961042,5238
"887",2013,8,5,2013,217,1054,4047,2013-08-05,63.8545406195985,4463
"888",2013,8,13,2013,225,930,4434,2013-08-13,32.1233878473607,4463
"889",2013,8,14,2013,226,990,4316,2013-08-14,1.19000132961042,4463
"890",2013,8,21,2013,233,1055,4308,2013-08-21,88.6650711341577,4463
"891",2013,8,22,2013,234,723,4324,2013-08-22,100,4463
"892",2013,8,29,2013,241,931,4176,2013-08-29,30.2685813056774,4463
"893",2013,8,30,2013,242,991,4162,2013-08-30,1.19000132961042,4463
"894",2013,9,6,2013,249,1056,4139,2013-09-06,1.19000132961042,4353
"895",2013,9,7,2013,250,724,4148,2013-09-07,33.2336125515224,4353
"896",2013,9,14,2013,257,932,4202,2013-09-14,35.5005983246909,4353
"897",2013,9,15,2013,258,992,4218,2013-09-15,1.19000132961042,4353
"898",2013,9,22,2013,265,1057,4195,2013-09-22,81.1328280813722,4353
"899",2013,9,23,2013,266,725,4251,2013-09-23,31.4585826352879,4353
"900",2013,9,30,2013,273,933,4352,2013-09-30,30.4547267650578,4353
"901",2013,10,1,2013,274,993,4427,2013-10-01,1.19000132961042,4491
"902",2013,10,8,2013,281,1058,4460,2013-10-08,1.19000132961042,4491
"903",2013,10,9,2013,282,726,4073,2013-10-09,52.107432522271,4491
"904",2013,10,16,2013,289,934,4394,2013-10-16,32.8081372157958,4491
"905",2013,10,17,2013,290,994,4561,2013-10-17,1.19000132961042,4491
"906",2013,10,24,2013,297,1059,4300,2013-10-24,58.3765456721181,4491
"907",2013,10,25,2013,298,727,4412,2013-10-25,100,4491
"908",2014,5,4,2014,124,1060,3504,2014-05-04,24.571200638213,4088
"909",2014,5,5,2014,125,728,3826,2014-05-05,100,4088
"910",2014,5,12,2014,132,935,3762,2014-05-12,100,4088
"911",2014,5,13,2014,133,995,3832,2014-05-13,1.19000132961042,4088
"912",2014,5,20,2014,140,1061,3923,2014-05-20,1.81491822895892,4088
"913",2014,5,21,2014,141,729,3912,2014-05-21,34.5831671320303,4088
"914",2014,5,28,2014,148,936,3991,2014-05-28,32.1632761600851,4088
"915",2014,5,29,2014,149,996,4278,2014-05-29,100,4088
"916",2014,6,5,2014,156,1062,4635,2014-06-05,1.19000132961042,5563
"917",2014,6,6,2014,157,730,4701,2014-06-06,31.11288392501,5563
"918",2014,6,13,2014,164,937,5180,2014-06-13,32.0037229091876,5563
"919",2014,6,14,2014,165,997,5237,2014-06-14,1.19000132961042,5563
"920",2014,6,21,2014,172,1063,5352,2014-06-21,100,5563
"921",2014,6,22,2014,173,731,5343,2014-06-22,35.3543411780348,5563
"922",2014,6,29,2014,180,938,5446,2014-06-29,32.6219917564154,5563
"923",2014,6,30,2014,181,998,5453,2014-06-30,1.19000132961042,5563
"924",2014,7,7,2014,188,1064,5478,2014-07-07,2.00106368833932,5565
"925",2014,7,8,2014,189,732,5352,2014-07-08,58.3898417763595,5565
"926",2014,7,15,2014,196,939,5385,2014-07-15,33.2602047600053,5565
"927",2014,7,16,2014,197,999,5398,2014-07-16,99.4149714133759,5565
"928",2014,7,23,2014,204,1065,5380,2014-07-23,1.82821433320037,5565
"929",2014,7,24,2014,205,733,5405,2014-07-24,82.6884722776227,5565
"930",2014,7,31,2014,212,940,5207,2014-07-31,52.6858130567744,5565
"931",2014,8,1,2014,213,1000,4931,2014-08-01,7.41257811461242,5541
"932",2014,8,8,2014,220,1066,5351,2014-08-08,1.19000132961042,5541
"933",2014,8,9,2014,221,734,5318,2014-08-09,33.7455125648185,5541
"934",2014,8,16,2014,228,941,5291,2014-08-16,32.1034436909985,5541
"935",2014,8,17,2014,229,1001,5292,2014-08-17,1.19000132961042,5541
"936",2014,8,24,2014,236,1067,5310,2014-08-24,1.19000132961042,5541
"937",2014,8,25,2014,237,735,5306,2014-08-25,35.4274697513628,5541
"938",2014,9,1,2014,244,942,5286,2014-09-01,29.6436644063289,5544
"939",2014,9,2,2014,245,1002,5280,2014-09-02,1.19000132961042,5544
"940",2014,9,9,2014,252,1068,5351,2014-09-09,13.6550990559766,5544
"941",2014,9,10,2014,253,736,5193,2014-09-10,36.40473341311,5544
"942",2014,9,17,2014,260,943,5323,2014-09-17,32.2031644728095,5544
"943",2014,9,18,2014,261,1003,5334,2014-09-18,1.19000132961042,5544
"944",2014,9,25,2014,268,1069,5282,2014-09-25,1.19000132961042,5544
"945",2014,9,26,2014,269,737,5271,2014-09-26,36.2917165270576,5544
"946",2014,10,3,2014,276,944,5384,2014-10-03,32.4956787661215,5538
"947",2014,10,4,2014,277,1004,5448,2014-10-04,1.19000132961042,5538
"948",2014,10,11,2014,284,1070,5421,2014-10-11,1.19000132961042,5538
"949",2014,10,12,2014,285,738,5337,2014-10-12,31.6114878340646,5538
"950",2014,10,19,2014,292,945,5390,2014-10-19,30.7339449541284,5538
"951",2014,10,20,2014,293,1005,5411,2014-10-20,1.19000132961042,5538
"952",2014,10,27,2014,300,1071,4648,2014-10-27,73.7800824358463,5538
"953",2015,4,30,2015,120,1006,3798,2015-04-30,1.19000132961042,4563
"954",2015,5,7,2015,127,1072,3721,2015-05-07,1.19000132961042,4782
"955",2015,5,8,2015,128,739,3832,2015-05-08,100,4782
"956",2015,5,15,2015,135,946,3561,2015-05-15,82.9610424145725,4782
"957",2015,5,16,2015,136,1007,3757,2015-05-16,24.9567876612153,4782
"958",2015,5,24,2015,144,740,4401,2015-05-24,35.7532243052786,4782
"959",2015,5,31,2015,151,947,4791,2015-05-31,33.6657359393698,4782
"960",2015,6,1,2015,152,1008,4897,2015-06-01,1.19000132961042,5582
"961",2015,6,8,2015,159,1073,5209,2015-06-08,1.19000132961042,5582
"962",2015,6,9,2015,160,741,5034,2015-06-09,95.7053583300093,5582
"963",2015,6,16,2015,167,948,5260,2015-06-16,33.0607631963835,5582
"964",2015,6,17,2015,168,1009,5339,2015-06-17,1.19000132961042,5582
"965",2015,6,24,2015,175,1074,5329,2015-06-24,7.48570668794043,5582
"966",2015,6,25,2015,176,742,5095,2015-06-25,39.2500997207818,5582
"967",2015,7,2,2015,183,949,4645,2015-07-02,43.4516686610823,5683
"968",2015,7,3,2015,184,1010,5528,2015-07-03,1.19000132961042,5683
"969",2015,7,10,2015,191,1075,5521,2015-07-10,1.19000132961042,5683
"970",2015,7,11,2015,192,743,5503,2015-07-11,34.8557372689802,5683
"971",2015,7,18,2015,199,950,5488,2015-07-18,76.4525993883792,5683
"972",2015,7,19,2015,200,1011,5460,2015-07-19,100,5683
"973",2015,7,26,2015,207,1076,5390,2015-07-26,98.9163675043212,5683
"974",2015,7,27,2015,208,744,5411,2015-07-27,31.6979125116341,5683
"975",2015,8,3,2015,215,951,5451,2015-08-03,33.1737800824358,5594
"976",2015,8,4,2015,216,1012,5370,2015-08-04,1.19000132961042,5594
"977",2015,8,11,2015,223,1077,5399,2015-08-11,100,5594
"978",2015,8,12,2015,224,745,5388,2015-08-12,100,5594
"979",2015,8,19,2015,231,952,5454,2015-08-19,32.8879138412445,5594
"980",2015,8,20,2015,232,1013,5324,2015-08-20,39.6090945353012,5594
"981",2015,8,27,2015,239,1078,5407,2015-08-27,1.19000132961042,5594
"982",2015,8,28,2015,240,746,5242,2015-08-28,35.1615476665337,5594
"983",2015,9,4,2015,247,953,5390,2015-09-04,64.6589549262066,5558
"984",2015,9,5,2015,248,1014,5346,2015-09-05,1.26977795505917,5558
"985",2015,9,12,2015,255,1079,5339,2015-09-12,1.19000132961042,5558
"986",2015,9,13,2015,256,747,5328,2015-09-13,96.888711607499,5558
"987",2015,9,20,2015,263,954,5364,2015-09-20,32.7549527988299,5558
"988",2015,9,21,2015,264,1015,5315,2015-09-21,68.4350485307805,5558
"989",2015,9,28,2015,271,1080,5307,2015-09-28,1.19000132961042,5558
"990",2015,10,6,2015,279,955,5409,2015-10-06,100,5461
"991",2015,10,7,2015,280,1016,5410,2015-10-07,1.19000132961042,5461
"992",2015,10,14,2015,287,1081,5414,2015-10-14,1.19000132961042,5461
"993",2015,10,15,2015,288,748,5385,2015-10-15,35.5936710543811,5461
"994",2015,10,22,2015,295,956,5390,2015-10-22,99.9933519478793,5461
"995",2015,10,23,2015,296,1017,5495,2015-10-23,1.19000132961042,5461
"996",2016,5,2,2016,123,1018,4237,2016-05-02,85.2014359792581,0
"997",2016,5,9,2016,130,1082,3717,2016-05-09,1.19000132961042,0
"998",2016,5,10,2016,131,749,3742,2016-05-10,43.6178699641005,0
"999",2016,5,17,2016,138,957,4370,2016-05-17,43.9835128307406,0
"1000",2016,5,18,2016,139,1019,4684,2016-05-18,86.7903204361122,0
"1001",2016,5,25,2016,146,1083,4976,2016-05-25,1.19000132961042,0
"1002",2016,5,26,2016,147,750,5021,2016-05-26,52.4464831804281,0
"1003",2016,6,3,2016,155,1020,5268,2016-06-03,1.19000132961042,0
"1004",2016,6,10,2016,162,1084,5398,2016-06-10,1.82156628107964,0
"1005",2016,6,18,2016,170,958,5532,2016-06-18,33.3067411248504,0
"1006",2016,6,19,2016,171,1021,5555,2016-06-19,1.19000132961042,0
"1007",2016,6,26,2016,178,1085,5643,2016-06-26,1.19000132961042,0
"1008",2016,6,27,2016,179,751,5588,2016-06-27,32.5289190267252,0
"1009",2016,7,4,2016,186,959,5646,2016-07-04,32.1433320037229,0
"1010",2016,7,5,2016,187,1022,5725,2016-07-05,1.19000132961042,0
"1011",2016,7,12,2016,194,1086,5695,2016-07-12,14.0739263395825,0
"1012",2016,7,13,2016,195,752,5624,2016-07-13,32.8879138412445,0
"1013",2016,7,20,2016,202,960,5546,2016-07-20,32.3095333067411,0
"1014",2016,7,21,2016,203,1023,5462,2016-07-21,59.7460444089882,0
"1015",2016,7,28,2016,210,1087,5602,2016-07-28,1.19000132961042,0
"1016",2016,7,29,2016,211,753,5568,2016-07-29,31.0331072995612,0
"1017",2016,8,5,2016,218,961,5537,2016-08-05,33.0940034569871,0
"1018",2016,8,6,2016,219,1024,5251,2016-08-06,47.280946682622,0
"1019",2016,8,13,2016,226,1088,5509,2016-08-13,1.19000132961042,0
"1020",2016,8,14,2016,227,754,5315,2016-08-14,34.9953463635155,0
"1021",2016,8,21,2016,234,962,5371,2016-08-21,38.3592607366042,0
"1022",2016,8,22,2016,235,1025,5417,2016-08-22,100,0
"1023",2016,8,29,2016,242,1089,5435,2016-08-29,1.19000132961042,0
"1024",2016,8,30,2016,243,755,5422,2016-08-30,31.8109293976865,0
"1025",2016,9,6,2016,250,963,5448,2016-09-06,33.5726632096796,0
"1026",2016,9,7,2016,251,1026,5562,2016-09-07,90.8323361255152,0
"1027",2016,9,14,2016,258,1090,5455,2016-09-14,38.950937375349,0
"1028",2016,9,15,2016,259,756,5423,2016-09-15,34.4103177768914,0
"1029",2016,9,23,2016,267,1027,5497,2016-09-23,1.19000132961042,0
"1030",2016,9,30,2016,274,1091,3604,2016-09-30,14.3597925807738,0
"1031",2016,10,1,2016,275,757,5394,2016-10-01,29.7633293445021,0
"1032",2016,10,8,2016,282,964,5589,2016-10-08,93.0461374817179,0
"1033",2016,10,9,2016,283,1028,5182,2016-10-09,42.7868634490094,0
"1034",2016,10,16,2016,290,1092,5505,2016-10-16,1.19000132961042,0
"1035",2016,10,17,2016,291,758,5470,2016-10-17,33.1139476133493,0
"1036",2016,10,24,2016,298,965,5584,2016-10-24,34.0446749102513,0
"1037",2016,10,25,2016,299,1029,5221,2016-10-25,79.2846695918096,0
"1038",2017,5,4,2017,124,966,5344,2017-05-04,32.1433320037229,0
"1039",2017,5,5,2017,125,1030,5355,2017-05-05,1.19000132961042,0
"1040",2017,5,12,2017,132,1093,5399,2017-05-12,2.69910916101582,0
"1041",2017,5,13,2017,133,759,5396,2017-05-13,32.5555112352081,0
"1042",2017,5,20,2017,140,967,5501,2017-05-20,31.7843371892036,0
"1043",2017,5,21,2017,141,1031,5492,2017-05-21,100,0
"1044",2017,5,28,2017,148,1094,5652,2017-05-28,2.34011434649648,0
"1045",2017,5,29,2017,149,760,5528,2017-05-29,33.5394229490759,0
"1046",2017,6,5,2017,156,968,5692,2017-06-05,36.8833931658024,0
"1047",2017,6,6,2017,157,1032,5628,2017-06-06,1.19000132961042,0
"1048",2017,6,13,2017,164,1095,5851,2017-06-13,6.41537029650312,0
"1049",2017,6,14,2017,165,761,5882,2017-06-14,32.2696449940168,0
"1050",2017,6,21,2017,172,969,5976,2017-06-21,34.2574125781146,0
"1051",2017,6,22,2017,173,1033,6008,2017-06-22,1.19000132961042,0
"1052",2017,6,29,2017,180,1096,6060,2017-06-29,1.19000132961042,0
"1053",2017,6,30,2017,181,762,5903,2017-06-30,31.1926605504587,0
"1054",2017,7,7,2017,188,970,5925,2017-07-07,37.5880866905997,0
"1055",2017,7,8,2017,189,1034,5987,2017-07-08,1.19000132961042,0
"1056",2017,7,15,2017,196,1097,5947,2017-07-15,1.19000132961042,0
"1057",2017,7,16,2017,197,763,5908,2017-07-16,32.0303151176705,0
"1058",2017,7,23,2017,204,971,5934,2017-07-23,34.0845632229757,0
"1059",2017,7,24,2017,205,1035,5929,2017-07-24,1.19000132961042,0
"1060",2017,7,31,2017,212,1098,4938,2017-07-31,35.912777556176,0
"1061",2017,8,1,2017,213,764,5718,2017-08-01,33.8718255551124,0
"1062",2017,8,8,2017,220,972,5674,2017-08-08,83.978194389044,0
"1063",2017,8,9,2017,221,1036,5852,2017-08-09,1.19000132961042,0
"1064",2017,8,16,2017,228,1099,5910,2017-08-16,1.19000132961042,0
"1065",2017,8,17,2017,229,765,5585,2017-08-17,34.7161281744449,0
"1066",2017,8,24,2017,236,973,5638,2017-08-24,32.7815450073129,0
"1067",2017,8,25,2017,237,1037,5739,2017-08-25,1.19000132961042,0
"1068",2017,9,1,2017,244,1100,5822,2017-09-01,1.19000132961042,0
"1069",2017,9,2,2017,245,766,5662,2017-09-02,34.5033905065816,0
"1070",2017,9,10,2017,253,1038,5773,2017-09-10,2.41989097194522,0
"1071",2017,9,17,2017,260,1101,5681,2017-09-17,84.8224970083765,0
"1072",2017,9,18,2017,261,767,5749,2017-09-18,34.3438372556841,0
"1073",2017,9,25,2017,268,974,5766,2017-09-25,34.1045073793379,0
"1074",2017,9,26,2017,269,1039,5784,2017-09-26,1.19000132961042,0
"1075",2017,10,3,2017,276,1102,5798,2017-10-03,1.19000132961042,0
"1076",2017,10,4,2017,277,768,5639,2017-10-04,33.8585294508709,0
"1077",2017,10,11,2017,284,975,5737,2017-10-11,31.2059566547002,0
"1078",2017,10,12,2017,285,1040,5823,2017-10-12,1.19000132961042,0
"1079",2017,10,19,2017,292,1103,5769,2017-10-19,100,0
"1080",2017,10,20,2017,293,769,5771,2017-10-20,28.7195851615477,0
"1081",2017,10,27,2017,300,976,5621,2017-10-27,33.5660151575588,0
"1082",2018,4,30,2018,120,770,5351,2018-04-30,100,0
"1083",2018,5,7,2018,127,977,5350,2018-05-07,100,0
"1084",2018,5,15,2018,135,1104,5437,2018-05-15,4.55391570269911,0
"1085",2018,5,16,2018,136,771,5343,2018-05-16,30.5610955989895,0
"1086",2018,5,23,2018,143,978,5394,2018-05-23,34.3837255684085,0
"1087",2018,5,24,2018,144,1041,5482,2018-05-24,1.19000132961042,0
"1088",2018,5,31,2018,151,1105,5498,2018-05-31,2.77223773434384,0
"1089",2018,6,1,2018,152,772,5433,2018-06-01,32.3427735673448,0
"1090",2018,6,8,2018,159,979,5468,2018-06-08,40.5730620928068,0
"1091",2018,6,9,2018,160,1042,5516,2018-06-09,1.19000132961042,0
"1092",2018,6,16,2018,167,1106,5477,2018-06-16,100,0
"1093",2018,6,17,2018,168,773,5494,2018-06-17,40.8921685946018,0
"1094",2018,6,24,2018,175,980,5432,2018-06-24,34.8025528520144,0
"1095",2018,6,25,2018,176,1043,5477,2018-06-25,1.19000132961042,0
"1096",2018,7,2,2018,183,1107,5412,2018-07-02,1.19000132961042,0
"1097",2018,7,3,2018,184,774,5406,2018-07-03,33.9383060763196,0
"1098",2018,7,10,2018,191,981,5380,2018-07-10,35.6867437840713,0
"1099",2018,7,11,2018,192,1044,5355,2018-07-11,1.19000132961042,0
"1100",2018,7,18,2018,199,1108,5309,2018-07-18,3.21100917431193,0
"1101",2018,7,19,2018,200,775,5119,2018-07-19,30.6076319638346,0
"1102",2018,7,26,2018,207,982,5373,2018-07-26,93.2256348889775,0
"1103",2018,7,27,2018,208,1045,5264,2018-07-27,100,0
"1104",2018,8,3,2018,215,1109,5028,2018-08-03,1.19000132961042,0
"1105",2018,8,4,2018,216,776,4969,2018-08-04,31.9239462837389,0
"1106",2018,8,11,2018,223,983,4800,2018-08-11,33.6790320436112,0
"1107",2018,8,12,2018,224,1046,4771,2018-08-12,1.19000132961042,0
"1108",2018,8,19,2018,231,1110,4596,2018-08-19,1.19000132961042,0
"1109",2018,8,27,2018,239,984,4288,2018-08-27,33.6457917830076,0
"1110",2018,8,28,2018,240,1047,4069,2018-08-28,1.19000132961042,0
"1111",2018,9,4,2018,247,1111,4938,2018-09-04,99.1025129637016,0
